N, Time, RMS
20000, 109.273415, 0.020851
