N, Time, RMS
1000, 4.715036, 0.021081
