N, Time, RMS
10000, 54.823448, 0.020926
