N, Time, RMS
5000, 26.776663, 0.021074
