Thread_Num, Time
1, 10.778501
2, 10.845185
3, 8.841843
4, 7.049351
