Thread_Num, Time
1, 11.516694
2, 12.256889
3, 10.180108
4, 7.955802
