N, Time, RMS
5000, 16.186497, 0.021273
