N, Time, RMS
10000, 37.070811, 0.021100
