N, Time, RMS
20000, 67.489599, 0.021027
