N, Time, RMS
1000, 3.157645, 0.021717
