N, Pi, Time
       5,       3,      0.000283
      50,      15,      0.000270
     500,      95,      0.000079
    5000,     669,      0.000079
   50000,    5133,      0.000222
  500000,   41538,      0.086002
