N, Pi, Time
       5,       3,      0.000001
      50,      15,      0.000001
     500,      95,      0.000030
    5000,     669,      0.001986
   50000,    5133,      0.149772
  500000,   41538,     12.177079
