N, Pi, Time
       5,       3,      0.000305
      50,      15,      0.000214
     500,      95,      0.000152
    5000,     669,      0.005620
   50000,    5133,      0.410870
  500000,   41538,     20.554250
