N, Pi, Time
       5,       3,      0.000000
      50,      15,      0.000001
     500,      95,      0.000004
    5000,     669,      0.000065
   50000,    5133,      0.001442
  500000,   41538,      0.032863
