N, Pi, Time
       5,       3,      0.000000
      50,      15,      0.000001
     500,      95,      0.000006
    5000,     669,      0.000091
   50000,    5133,      0.001977
  500000,   41538,      0.033602
