N, Pi, Time
       5,       3,      0.000000
      50,      15,      0.000001
     500,      95,      0.000041
    5000,     669,      0.002819
   50000,    5133,      0.209203
  500000,   41538,     14.913427
