Thread_Num, Time
1, 10.752696
2, 8.709270
3, 6.852808
4, 5.799116
