Thread_Num, Time
1, 10.837424
2, 8.206704
3, 6.572324
4, 5.513658
