N, Time, RMS
5000, 22.750718, 0.023354
