Num_Threads, N, RMS, Time
1,1000,0.021717,3.108806
2,1000,0.023437,1.60029
4,1000,0.024621,0.862008
8,1000,0.028722,0.576902
1,5000,0.021273,15.592906
2,5000,0.021362,7.953312
4,5000,0.021628,4.32517
8,5000,0.022805,2.761974
1,10000,0.0211,31.161119
2,10000,0.021273,15.781168
4,10000,0.021362,8.697477
8,10000,0.021628,5.249334
1,20000,0.021027,62.344694
2,20000,0.0211,32.263005
4,20000,0.021273,17.379135
8,20000,0.021362,10.514776