N, Time, RMS
10000, 79.184857, 0.022394
