N, Time, RMS
1000, 81.455912, 0.029220
