N, Time, RMS
20000, 114.150945, 0.021724
