N, Time, RMS
1000, 4.378943, 0.036017
