Thread_Num, Time
1, 5.866778
2, 3.022172
4, 1.558719
8, 0.903925
