N, Pi, Time
       5,       3,      0.000321
      50,      15,      0.000121
     500,      95,      0.000145
    5000,     669,      0.000376
   50000,    5133,      0.376518
  500000,   41538,     20.072454
