Type, TotalTime
CUDA, 0.178480
CUDA, 0.724959
CUDA, 0.059989
SEQ, 1.303611
SEQ, 12.573871
SEQ, 0.273847
