N, Pi, Time
       5,       3,      0.000287
      50,      15,      0.000140
     500,      95,      0.000059
    5000,     669,      0.000071
   50000,    5133,      0.000227
  500000,   41538,      0.100985
