N, Time, RMS
20000, 64.302470, 0.021027
