N, Time, RMS
10000, 31.370807, 0.021100
