N, Time, RMS
1000, 3.037818, 0.021717
