N, Time, RMS
1000, 3.041576, 0.021717
