N, Time, RMS
5000, 15.434580, 0.021273
